{"cameraMode":{"drawMode":0,"name":"Shaded","section":"Shading Mode"},"sceneLighting":false,"audioPlay":false,"sceneViewState":{"showFog":true,"showMaterialUpdate":false,"showSkybox":false,"showFlares":true,"showImageEffects":true,"showParticleSystems":true},"in2DMode":false,"pivot":{"x":-9.426581382751465,"y":1.8097295761108399,"z":7.078033924102783},"rotation":{"x":0.2051105797290802,"y":0.5971172451972961,"z":-0.16146902740001679,"w":0.7585001587867737},"size":0.8896371722221375,"orthographic":false}