{"cameraMode":{"drawMode":0,"name":"Shaded","section":"Shading Mode"},"sceneLighting":false,"audioPlay":false,"sceneViewState":{"showFog":true,"showMaterialUpdate":false,"showSkybox":false,"showFlares":true,"showImageEffects":true,"showParticleSystems":true},"in2DMode":false,"pivot":{"x":-3.1751255989074709,"y":0.703000009059906,"z":-9.479023933410645},"rotation":{"x":0.3106100559234619,"y":0.06495781987905503,"z":-0.02128131315112114,"w":0.9480834603309631},"size":5.1000566482543949,"orthographic":false}