{"cameraMode":{"drawMode":0,"name":"Shaded","section":"Shading Mode"},"sceneLighting":false,"audioPlay":false,"sceneViewState":{"showFog":true,"showMaterialUpdate":false,"showSkybox":false,"showFlares":true,"showImageEffects":true,"showParticleSystems":true},"in2DMode":false,"pivot":{"x":2.2413454055786135,"y":1.0987064838409424,"z":10.267860412597657},"rotation":{"x":-0.033570535480976108,"y":0.966262698173523,"z":-0.18965168297290803,"w":-0.17104247212409974},"size":5.0806097984313969,"orthographic":false}