{"cameraMode":{"drawMode":0,"name":"Shaded","section":"Shading Mode"},"sceneLighting":false,"audioPlay":false,"sceneViewState":{"showFog":true,"showMaterialUpdate":false,"showSkybox":false,"showFlares":true,"showImageEffects":true,"showParticleSystems":true},"in2DMode":false,"pivot":{"x":-9.999226570129395,"y":1.7203999757766724,"z":7.237734317779541},"rotation":{"x":0.25046470761299136,"y":0.3903147280216217,"z":-0.11122210323810578,"w":0.8789567947387695},"size":1.4896372556686402,"orthographic":false}