{"cameraMode":{"drawMode":0,"name":"Shaded","section":"Shading Mode"},"sceneLighting":true,"audioPlay":false,"sceneViewState":{"showFog":true,"showMaterialUpdate":false,"showSkybox":false,"showFlares":true,"showImageEffects":true,"showParticleSystems":true},"in2DMode":false,"pivot":{"x":-15.55992317199707,"y":1.3514142036437989,"z":-13.243144989013672},"rotation":{"x":-0.026467423886060716,"y":0.8237558007240295,"z":-0.03858790174126625,"w":-0.5650131106376648},"size":8.358116149902344,"orthographic":false}