{"cameraMode":{"drawMode":0,"name":"Shaded","section":"Shading Mode"},"sceneLighting":true,"audioPlay":false,"sceneViewState":{"showFog":true,"showMaterialUpdate":false,"showSkybox":true,"showFlares":true,"showImageEffects":true,"showParticleSystems":true},"in2DMode":false,"pivot":{"x":4.500114440917969,"y":56.23786163330078,"z":6.3567657470703129},"rotation":{"x":0.013048417866230011,"y":0.9078143239021301,"z":0.028324274346232415,"w":-0.4182111918926239},"size":357.8451843261719,"orthographic":false}