{"cameraMode":{"drawMode":0,"name":"Shaded","section":"Shading Mode"},"sceneLighting":false,"audioPlay":false,"sceneViewState":{"showFog":true,"showMaterialUpdate":false,"showSkybox":false,"showFlares":true,"showImageEffects":true,"showParticleSystems":true},"in2DMode":false,"pivot":{"x":1.0487964153289796,"y":0.3541126251220703,"z":2.552969455718994},"rotation":{"x":0.3057006299495697,"y":0.6148624420166016,"z":-0.2802044749259949,"w":0.6708124876022339},"size":5.6710524559021,"orthographic":false}