{"cameraMode":{"drawMode":0,"name":"Shaded","section":"Shading Mode"},"sceneLighting":false,"audioPlay":false,"sceneViewState":{"showFog":true,"showMaterialUpdate":false,"showSkybox":false,"showFlares":true,"showImageEffects":true,"showParticleSystems":true},"in2DMode":false,"pivot":{"x":-1.4178659915924073,"y":0.4713018536567688,"z":0.5731382369995117},"rotation":{"x":0.05507965758442879,"y":-0.05479227751493454,"z":-0.0030286856926977636,"w":-0.9969838261604309},"size":2.5040054321289064,"orthographic":false}