{"cameraMode":{"drawMode":0,"name":"Shaded","section":"Shading Mode"},"sceneLighting":false,"audioPlay":false,"sceneViewState":{"showFog":true,"showMaterialUpdate":false,"showSkybox":false,"showFlares":true,"showImageEffects":true,"showParticleSystems":true},"in2DMode":false,"pivot":{"x":-0.18495750427246095,"y":1.2061471939086915,"z":0.33225035667419436},"rotation":{"x":0.013048417866230011,"y":0.9078143239021301,"z":0.028324274346232415,"w":-0.4182111918926239},"size":4.524062156677246,"orthographic":false}